-- phpMyAdmin SQL Dump
-- version 5.2.0
-- https://www.phpmyadmin.net/
--
-- Host: 127.0.0.1
-- Generation Time: Nov 18, 2023 at 03:01 PM
-- Server version: 10.4.25-MariaDB
-- PHP Version: 8.1.10

SET SQL_MODE = "NO_AUTO_VALUE_ON_ZERO";
START TRANSACTION;
SET time_zone = "+00:00";


/*!40101 SET @OLD_CHARACTER_SET_CLIENT=@@CHARACTER_SET_CLIENT */;
/*!40101 SET @OLD_CHARACTER_SET_RESULTS=@@CHARACTER_SET_RESULTS */;
/*!40101 SET @OLD_COLLATION_CONNECTION=@@COLLATION_CONNECTION */;
/*!40101 SET NAMES utf8mb4 */;

--
-- Database: `shop`
--

-- --------------------------------------------------------

--
-- Table structure for table `cart`
--

CREATE TABLE `cart` (
  `cartId` int(11) NOT NULL,
  `userId` int(11) NOT NULL,
  `itemId` int(11) NOT NULL,
  `quantity` int(11) NOT NULL DEFAULT 1,
  `addedDate` datetime NOT NULL DEFAULT current_timestamp(),
  `status` tinyint(4) NOT NULL DEFAULT 0,
  `netPrice` int(11) DEFAULT NULL,
  `odId` int(11) DEFAULT NULL
) ENGINE=InnoDB DEFAULT CHARSET=utf8;

--
-- Dumping data for table `cart`
--

INSERT INTO `cart` (`cartId`, `userId`, `itemId`, `quantity`, `addedDate`, `status`, `netPrice`, `odId`) VALUES
(15, 40, 14, 3, '2022-08-28 14:15:14', 3, 120, 7),
(16, 1, 14, 2, '2022-08-28 14:16:28', 1, 120, 8),
(17, 40, 16, 0, '2022-08-28 14:22:08', 3, 50, 9),
(21, 40, 21, 2, '2022-08-28 17:36:30', 3, 500, 10),
(24, 40, 45, 1, '2022-08-29 20:53:58', 3, 12, 11),
(25, 40, 21, 2, '2022-08-29 20:54:01', 3, 500, 11),
(26, 40, 27, 10, '2022-08-29 20:54:05', 3, 120, 11),
(28, 40, 14, 3, '2022-09-01 13:50:04', 3, 84, 12),
(29, 40, 21, 2, '2022-09-01 13:51:30', 3, 2500, 12),
(30, 40, 14, 3, '2022-09-01 14:09:29', 3, 36, 13),
(31, 40, 21, 2, '2022-09-01 14:09:35', 3, 1000, 13),
(32, 40, 14, 1, '2022-09-01 14:16:35', 3, 12, 14),
(33, 40, 21, 1, '2022-09-01 14:16:40', 3, 500, 14),
(34, 40, 14, 1, '2022-09-01 14:21:07', 3, 12, 15),
(35, 40, 21, 1, '2022-09-01 14:21:14', 3, 500, 15),
(36, 40, 14, 1, '2022-09-01 14:24:50', 3, 12, 16),
(37, 40, 21, 1, '2022-09-01 14:24:55', 3, 500, 16),
(38, 40, 14, 1, '2022-09-01 14:28:22', 3, 12, 17),
(39, 40, 21, 1, '2022-09-01 14:28:26', 3, 500, 17),
(40, 40, 14, 1, '2022-09-01 14:30:50', 3, 12, 18),
(41, 40, 21, 1, '2022-09-01 14:30:57', 3, 500, 18),
(42, 40, 21, 1, '2022-09-01 21:09:55', 0, NULL, NULL),
(44, 1, 43, 3, '2022-09-11 20:22:45', 3, 36, 19),
(45, 1, 45, 2, '2022-09-11 20:22:57', 2, 24, 19),
(46, 40, 48, 1, '2022-09-18 12:57:00', 0, NULL, NULL),
(50, 1, 14, 2, '2023-10-22 11:23:15', 0, NULL, NULL);

-- --------------------------------------------------------

--
-- Table structure for table `categories`
--

CREATE TABLE `categories` (
  `catId` int(11) NOT NULL,
  `catName` varchar(255) NOT NULL,
  `catDescription` text NOT NULL,
  `catParent` int(11) NOT NULL,
  `ordering` int(11) DEFAULT NULL,
  `visibility` tinyint(1) NOT NULL DEFAULT 1,
  `allowCommenting` tinyint(1) NOT NULL DEFAULT 1,
  `allowADS` tinyint(1) NOT NULL DEFAULT 1
) ENGINE=InnoDB DEFAULT CHARSET=utf8;

--
-- Dumping data for table `categories`
--

INSERT INTO `categories` (`catId`, `catName`, `catDescription`, `catParent`, `ordering`, `visibility`, `allowCommenting`, `allowADS`) VALUES
(13, 'computer', 'this is computer gategory for sell co', 0, 2, 1, 1, 1),
(14, 'cell phone', 'The best phones', 0, 1, 1, 1, 1),
(15, 'tools', 'This is tools', 0, 3, 0, 0, 0),
(16, 'fashion', 'This is fashion', 0, 5, 1, 1, 1),
(18, 'samsong', 'This is samsong', 14, 6, 0, 1, 1),
(23, 'iphone', 'This is iphone', 14, 2, 1, 1, 0),
(24, 'laptops', 'This is laptops', 13, 5, 1, 1, 1);

-- --------------------------------------------------------

--
-- Table structure for table `comments`
--

CREATE TABLE `comments` (
  `commentId` int(11) NOT NULL,
  `comment` text NOT NULL,
  `commentStatus` tinyint(1) NOT NULL DEFAULT 0,
  `addedDate` datetime NOT NULL DEFAULT current_timestamp(),
  `userId` int(11) NOT NULL,
  `itemId` int(11) NOT NULL
) ENGINE=InnoDB DEFAULT CHARSET=utf8;

--
-- Dumping data for table `comments`
--

INSERT INTO `comments` (`commentId`, `comment`, `commentStatus`, `addedDate`, `userId`, `itemId`) VALUES
(29, 'anis', 0, '2022-08-21 13:04:22', 40, 27),
(30, 'bad item but thonk you', 1, '2022-08-21 13:06:21', 1, 27),
(35, 'yyuu', 1, '2022-09-16 11:48:58', 36, 48),
(38, 'jjjss', 1, '2022-09-18 21:46:06', 38, 51),
(40, 'hi how are you', 1, '2022-09-30 21:40:27', 40, 16);

-- --------------------------------------------------------

--
-- Table structure for table `discounts`
--

CREATE TABLE `discounts` (
  `discountId` int(11) NOT NULL,
  `discountName` varchar(255) NOT NULL,
  `percent` tinyint(4) NOT NULL,
  `createdAt` datetime NOT NULL DEFAULT current_timestamp(),
  `endsIn` datetime DEFAULT NULL,
  `userId` int(11) NOT NULL
) ENGINE=InnoDB DEFAULT CHARSET=utf8;

--
-- Dumping data for table `discounts`
--

INSERT INTO `discounts` (`discountId`, `discountName`, `percent`, `createdAt`, `endsIn`, `userId`) VALUES
(47, 'high', 50, '2022-09-04 18:32:36', NULL, 1);

-- --------------------------------------------------------

--
-- Table structure for table `items`
--

CREATE TABLE `items` (
  `itemId` int(11) NOT NULL,
  `itemName` varchar(255) NOT NULL,
  `itemDescription` text NOT NULL,
  `itemPrice` int(11) NOT NULL,
  `itemImg` varchar(55) NOT NULL,
  `si1` varchar(55) DEFAULT NULL,
  `si2` varchar(55) DEFAULT NULL,
  `si3` varchar(55) DEFAULT NULL,
  `si4` varchar(55) DEFAULT NULL,
  `discountId` int(11) DEFAULT NULL,
  `madeCountry` varchar(255) NOT NULL,
  `itemStatus` enum('new','like new','used','old') NOT NULL,
  `itemQuantity` int(11) NOT NULL DEFAULT 1,
  `itemTags` text NOT NULL,
  `itemViews` int(11) NOT NULL DEFAULT 0,
  `accept` tinyint(1) NOT NULL DEFAULT 0,
  `isEditedPrevName` varchar(255) NOT NULL DEFAULT '',
  `addedDate` datetime DEFAULT current_timestamp(),
  `userId` int(11) NOT NULL,
  `catId` int(11) NOT NULL
) ENGINE=InnoDB DEFAULT CHARSET=utf8;

--
-- Dumping data for table `items`
--

INSERT INTO `items` (`itemId`, `itemName`, `itemDescription`, `itemPrice`, `itemImg`, `si1`, `si2`, `si3`, `si4`, `discountId`, `madeCountry`, `itemStatus`, `itemQuantity`, `itemTags`, `itemViews`, `accept`, `isEditedPrevName`, `addedDate`, `userId`, `catId`) VALUES
(14, 'yelit blue mic', 'This is very good mic for regording\r\nThis is very good mic for regording\r\nThis is very good mic for regording\r\nThis is very good mic for regording\r\nThis is very good mic for regording', 12, '5983135188578993945534373858717952817882.jpg', NULL, NULL, NULL, NULL, 47, 'china', 'new', 95, '', 119, 1, '', '2022-07-25 12:36:51', 39, 13),
(16, 'usb', 'This is usb', 5, '7458735499711927799612667264739497363882.jpg', NULL, NULL, NULL, NULL, 47, 'japan', 'new', 0, '', 72, 1, '', '2022-07-27 12:36:56', 39, 13),
(18, 'alert', 'alert(&#34;hi&#34;)', 12, '1547431389122786495543565285196533649174.jpg', NULL, NULL, NULL, NULL, 47, 'alert(', 'new', 10, '', 5, 1, 'alert', '2022-07-28 21:23:12', 40, 14),
(19, 'phone', 'oyouyuiyuiet', 100, '4666857232941762413934398998764719253531.jpg', NULL, NULL, NULL, NULL, 47, 'china', 'like new', 10, '', 12, 1, '', '2022-07-30 13:02:51', 39, 14),
(20, 'ipone 12 pro max', 'This is iphone', 1000, '9696155551364668215214914958973419448855.png', NULL, NULL, NULL, NULL, 47, 'usa', 'new', 10, 'phone', 5, 1, '', '2022-08-01 11:50:29', 41, 23),
(21, 'dell latitude e7470', 'This is laptop', 500, '5976544551858656586561584153776232227754.png', NULL, NULL, NULL, NULL, 47, 'china', 'like new', 95, 'laptop,pc,latitude,discount,free,delivry', 81, 1, '', '2022-08-01 12:41:50', 36, 13),
(24, 'huawei y7 pime', 'this is new phone from huawei', 10, '3461897834884871453416174358584598149554.png', NULL, NULL, NULL, NULL, 47, 'usa', 'new', 10, 'phone,huawei', 0, 1, '', '2022-08-02 21:48:46', 40, 18),
(26, 'hi', 'This is oppo', 100, '7669498995413247124136124553436354586357.png', NULL, NULL, NULL, NULL, 47, 'china', 'new', 10, 'phone', 39, 1, '', '2022-08-06 19:48:53', 1, 14),
(27, 'kghj', 'ljhk', 12, '6174267898843912563546164469954569722511.png', NULL, NULL, NULL, NULL, 47, 'khg', 'new', 0, '', 14, 1, '', '2022-08-06 20:05:55', 49, 16),
(28, 'lkjadkf', 'lajdlfjls', 123, '8211861258681474468493824368278796765555.png', NULL, NULL, NULL, NULL, 47, 'jjsjs', 'new', 10, '', 2, 1, '', '2022-08-06 20:36:39', 36, 16),
(29, 'kjkdjldj', 'lkjsdlkjs', 12, '1721853656675929298498579287388296458224.png', NULL, NULL, NULL, NULL, 47, 'mncx,mc', 'like new', 10, '', 45, 1, '', '2022-08-06 21:12:00', 1, 16),
(30, 'lkdjfkl', 'ljkahfdkj', 10, '4233358785137144965472174962944644162699.png', NULL, NULL, NULL, NULL, 47, 'kjhdsfk', 'like new', 10, '', 0, 1, 'lkdjfkl', '2022-08-09 13:38:24', 40, 24),
(33, 'jdjdj', 'isidoi', 100, '3335252468769327787667218964213442463591.png', NULL, NULL, NULL, NULL, 47, 'chinan', 'new', 10, '', 0, 1, '', '2022-08-09 18:17:20', 47, 18),
(39, 'jsjs', 'jajaj', 12, 'default.png', NULL, NULL, NULL, NULL, 47, 'jaja', 'used', 10, '', 11, 1, '', '2022-08-18 13:03:10', 46, 16),
(40, 'ihab', 'agagagag', 12, '1389545943159727539976999787989123931926.png', NULL, NULL, NULL, NULL, 47, 'moda', 'new', 10, 'discount', 0, 1, '', '2022-08-18 13:05:05', 40, 18),
(42, 'marwan', 'thsui', 76, '9873719918522516672887767484773496779257.png', NULL, NULL, NULL, NULL, 47, 'jja', 'like new', 10, '', 0, 1, '', '2022-08-18 13:08:32', 40, 24),
(43, 'kskks', 'ysus', 12, '7416822225221433576994393698387356419555.jpg', NULL, NULL, NULL, NULL, 47, 'ususu', 'like new', 7, '', 6, 1, 'kskks', '2022-08-18 13:14:48', 40, 14),
(44, 'jdj', 'kka', 12, '8957222926267817658224815356573659699586.jpg', NULL, NULL, NULL, NULL, 47, 'jaja', 'like new', 10, 'discount', 0, 1, 'jdj', '2022-08-18 13:15:56', 40, 18),
(45, 'jsjjskj', 'adad', 12, '2878727829368367336277355172356763437152.png', NULL, NULL, NULL, NULL, 47, 'daad', 'like new', 7, 'hab,jshs', 11, 1, 'jsjjs', '2022-08-18 14:37:23', 40, 14),
(46, 'kka', 'eqe', 12, '6161533365273182465553533392745764629718.jpg', NULL, NULL, NULL, NULL, 47, 'sds', 'like new', 10, 'youssef,ihab,jsjjs', 5, 1, 'kka', '2022-08-18 14:39:51', 40, 24),
(48, 'hftttddd', 'kjjjkkjf', 76, '6793794925922488568446545354927374228257.jpg', NULL, NULL, NULL, NULL, 47, 'hfff', 'used', 10, '', 6, 1, 'ksksmp', '2022-08-19 14:26:30', 40, 14),
(49, 'jldsjlsdk', 'jadfkj', 12, '7698268414657953466944824449993834585624.jpg', NULL, NULL, NULL, NULL, 47, 'jsajh', 'like new', 10, '', 43, 1, '', '2022-08-21 12:27:50', 51, 13),
(50, 'j', 'khadh', 10, '2517811365798478714871286873847742726456.png', NULL, NULL, NULL, NULL, 47, 'kjhasdk', 'like new', 10, '', 0, 1, 'j', '2022-08-25 18:10:41', 40, 18),
(51, 'ksksksksksks', 'jhsdj', 12, '1597475298123955479197671132317826934372.jpg', NULL, NULL, NULL, NULL, 47, 'sdd', 'like new', 10, '', 11, 1, 'kk', '2022-08-25 18:11:39', 1, 14);

-- --------------------------------------------------------

--
-- Table structure for table `notifications`
--

CREATE TABLE `notifications` (
  `notId` int(11) NOT NULL,
  `notification` text NOT NULL,
  `notStatus` tinyint(1) NOT NULL DEFAULT 0,
  `notClass` enum('not-normal','not-success','not-worning','not-danger') DEFAULT NULL,
  `userId` int(11) NOT NULL,
  `addedDate` datetime NOT NULL DEFAULT current_timestamp()
) ENGINE=InnoDB DEFAULT CHARSET=utf8;

--
-- Dumping data for table `notifications`
--

INSERT INTO `notifications` (`notId`, `notification`, `notStatus`, `notClass`, `userId`, `addedDate`) VALUES
(26, 'Your item <span class=\'focus\'>jsjs</span> is accepted successfully', 0, 'not-success', 46, '2022-08-19 14:37:57'),
(152, 'Your item <span class=\'focus\'>jsjs</span> is accepted successfully', 1, 'not-normal', 40, '2022-11-16 05:34:26'),
(153, 'Your item <span class=\'focus\'>jsjs</span> is accepted successfully', 1, 'not-success', 40, '2022-11-16 05:34:26'),
(154, 'Your item <span class=\'focus\'>jsjs</span> is accepted successfully', 1, 'not-worning', 40, '2022-11-16 05:34:26'),
(155, 'Your item <span class=\'focus\'>jsjs</span> is accepted successfully', 1, 'not-danger', 40, '2022-11-16 05:34:26'),
(156, 'Your item <span class=\'focus\'>jsjs</span> is accepted successfully', 1, 'not-normal', 40, '2022-11-16 05:34:26'),
(157, 'Your item <span class=\'focus\'>jsjs</span> is accepted successfully', 1, 'not-success', 40, '2022-11-16 05:34:26'),
(158, 'Your item <span class=\'focus\'>jsjs</span> is accepted successfully', 1, 'not-worning', 40, '2022-11-16 05:34:26'),
(159, 'Your item <span class=\'focus\'>jsjs</span> is accepted successfully', 1, 'not-danger', 40, '2022-11-16 05:34:26'),
(160, 'Your item <span class=\'focus\'>jsjs</span> is accepted successfully', 1, 'not-normal', 40, '2022-11-16 05:34:26'),
(161, 'Your item <span class=\'focus\'>jsjs</span> is accepted successfully', 1, 'not-success', 40, '2022-11-16 05:34:26'),
(162, 'Your item <span class=\'focus\'>jsjs</span> is accepted successfully', 1, 'not-worning', 40, '2022-11-16 05:34:26'),
(163, 'Your item <span class=\'focus\'>jsjs</span> is accepted successfully', 1, 'not-danger', 40, '2022-11-16 05:34:26'),
(164, 'Your item <span class=\'focus\'>jsjs</span> is accepted successfully', 1, 'not-normal', 40, '2022-11-16 05:34:26'),
(165, 'Your item <span class=\'focus\'>jsjs</span> is accepted successfully', 1, 'not-success', 40, '2022-11-16 05:34:26'),
(166, 'Your item <span class=\'focus\'>jsjs</span> is accepted successfully', 1, 'not-worning', 40, '2022-11-16 05:34:26'),
(167, 'Your item <span class=\'focus\'>jsjs</span> is accepted successfully', 1, 'not-danger', 40, '2022-11-16 05:34:26'),
(168, 'The <span class=\'focus\'>kk</span> item is edited by admin', 0, 'not-normal', 1, '2023-10-22 11:30:36');

-- --------------------------------------------------------

--
-- Table structure for table `orderdetails`
--

CREATE TABLE `orderdetails` (
  `odId` int(11) NOT NULL,
  `city` varchar(255) NOT NULL,
  `street` varchar(255) NOT NULL,
  `home` varchar(255) NOT NULL,
  `zipCode` int(11) NOT NULL,
  `firstName` varchar(255) NOT NULL,
  `lastName` varchar(255) NOT NULL,
  `email` text NOT NULL,
  `phone` int(11) NOT NULL,
  `deliveryCode` mediumint(6) NOT NULL,
  `buyDate` datetime NOT NULL DEFAULT current_timestamp()
) ENGINE=InnoDB DEFAULT CHARSET=utf8;

--
-- Dumping data for table `orderdetails`
--

INSERT INTO `orderdetails` (`odId`, `city`, `street`, `home`, `zipCode`, `firstName`, `lastName`, `email`, `phone`, `deliveryCode`, `buyDate`) VALUES
(7, 'beni', 'khara', 'jdhjs', 29898, 'hamza', 'bengha', 'hamza@gmail.com', 98762, 482223, '2022-08-28 14:18:19'),
(8, 'beni', 'jdhhs', 'jshhs', 778877, 'youssef', 'bengha', 'youssef@gmail.com', 982827, 144155, '2022-08-28 14:20:36'),
(9, '3131', '1331', '1331', 121313, 'youssef', 'hba', 'rida@gmail.com', 990, 755773, '2022-08-27 17:33:36'),
(10, 'jjs', 'jjsjs', 'jsjjs', 882, 'iuus', 'kskks', 'ksksk@gmail.com', 0, 892272, '2022-08-29 15:43:46'),
(11, 'jsjha', 'kaja', 'laidjd', 1234, 'youssef', 'jshaa', 'jljkhfkjdh@jjs.ccns', 1234, 599363, '2022-08-29 20:56:09'),
(12, 'beni', 'alhoria', 'akhir 6', 917398, 'jshjshds', 'ljdsljd', 'rida@gmail.com', 9, 499979, '2022-09-01 14:01:50'),
(13, 'jsjsjs', 'js,s,', 'jdhjs', 879731, 'kshkdjhs', 'hba', 'ahmdHSdessd@gmail.com', 245, 781932, '2022-09-01 14:11:18'),
(14, 'beni', 'hanan', 'jaaha', 76161, 'hamza', 'hba', 'rida@gmail.com', 8878199, 926381, '2022-09-01 14:18:38'),
(15, '3131', 'alhoria', 'hhha 262616', 76161, 'youssef', 'bengha', 'rida@gmail.com', 245, 636444, '2022-09-01 14:22:11'),
(16, 'jsjsjs', 'hanan', 'akhir 6', 716391, 'youssef', 'bengha', 'rida@gmail.com', 9, 528912, '2022-09-01 14:25:21'),
(17, 'jsjsjs', 'alhoria', 'ucha 6', 242, 'hamza', 'hba', 'rida@gmail.com', 990, 282129, '2022-09-01 14:28:45'),
(18, 'jsjsjs', 'hanan', 'hhha 262616', 8381, 'anis', 'bengha', 'ahmed@gmail.com', 245, 251679, '2022-09-01 14:32:02'),
(19, 'ksiba', 'jornal 1', 'alpha 23', 222221, 'hilal', 'rida', 'hilal123@gmail.com', 928282, 296573, '2022-09-11 20:24:53');

-- --------------------------------------------------------

--
-- Table structure for table `rating`
--

CREATE TABLE `rating` (
  `userId` int(11) NOT NULL,
  `itemId` int(11) NOT NULL,
  `rating` tinyint(1) NOT NULL
) ENGINE=InnoDB DEFAULT CHARSET=utf8;

--
-- Dumping data for table `rating`
--

INSERT INTO `rating` (`userId`, `itemId`, `rating`) VALUES
(1, 14, 1),
(1, 16, 1),
(1, 18, 1),
(1, 20, 0),
(1, 21, 1),
(1, 39, 1),
(1, 46, 1),
(1, 49, 0),
(40, 16, 0),
(40, 19, 0),
(40, 20, 0),
(40, 27, 1),
(40, 29, 0),
(40, 39, 0),
(40, 49, 1),
(40, 51, 0),
(41, 14, 0),
(41, 16, 0),
(41, 18, 0),
(41, 19, 0),
(41, 43, 0),
(41, 45, 0),
(41, 46, 0),
(41, 48, 0),
(53, 24, 0),
(59, 45, 1);

-- --------------------------------------------------------

--
-- Table structure for table `users`
--

CREATE TABLE `users` (
  `userId` int(11) NOT NULL,
  `username` varchar(255) NOT NULL,
  `password` varchar(255) NOT NULL,
  `email` varchar(255) NOT NULL,
  `confirmEmail` int(11) NOT NULL DEFAULT 0,
  `firstName` varchar(255) NOT NULL,
  `lastName` varchar(255) NOT NULL,
  `profileImgPath` varchar(55) DEFAULT NULL,
  `trastStatus` int(11) NOT NULL DEFAULT 0,
  `regStatus` int(11) NOT NULL DEFAULT 0,
  `type` int(11) NOT NULL DEFAULT 0,
  `dateOfRegistration` datetime NOT NULL DEFAULT current_timestamp()
) ENGINE=InnoDB DEFAULT CHARSET=utf8;

--
-- Dumping data for table `users`
--

INSERT INTO `users` (`userId`, `username`, `password`, `email`, `confirmEmail`, `firstName`, `lastName`, `profileImgPath`, `trastStatus`, `regStatus`, `type`, `dateOfRegistration`) VALUES
(1, 'youssef2022', '$2y$10$q3GfYA2ty0FgqRsLY4pHLehwr.zY5xncxBToEVcGOJnTmpDrNvHf.', 'youssef@gmail.com', 1, 'youssef', 'bengha', NULL, 0, 1, 1, '2022-07-08 11:54:17'),
(36, 'ahmed2022', '$2y$10$q3GfYA2ty0FgqRsLY4pHLehwr.zY5xncxBToEVcGOJnTmpDrNvHf.', 'benghazy.youssef.dev104@gmail.com', 0, 'ahmed', 'wali', 'default.png', 0, 1, 0, '2022-07-13 13:39:22'),
(38, 'rida2022', '$2y$10$q3GfYA2ty0FgqRsLY4pHLehwr.zY5xncxBToEVcGOJnTmpDrNvHf.', 'rida@gmail.com', 0, 'rida', 'hba', NULL, 0, 1, 1, '2022-07-13 13:46:47'),
(39, 'soufiane2022', '$2y$10$q3GfYA2ty0FgqRsLY4pHLehwr.zY5xncxBToEVcGOJnTmpDrNvHf.', 'youssefapplications2021@gmail.com', 0, 'soufiane', 'hba', NULL, 0, 1, 0, '2022-07-13 13:47:15'),
(40, 'hamza2022', '$2y$10$q3GfYA2ty0FgqRsLY4pHLehwr.zY5xncxBToEVcGOJnTmpDrNvHf.', 'hamza@gmail.com', 0, 'hamza', 'hba', NULL, 0, 1, 0, '2022-07-13 13:47:56'),
(41, 'marwan2022', '$2y$10$q3GfYA2ty0FgqRsLY4pHLehwr.zY5xncxBToEVcGOJnTmpDrNvHf.', 'marwan@gmail.com', 0, 'marwan', 'hba', NULL, 0, 1, 0, '2022-07-13 13:47:56'),
(46, 'youssef2022ad', '$2y$10$q3GfYA2ty0FgqRsLY4pHLehwr.zY5xncxBToEVcGOJnTmpDrNvHf.', 'd@gmail.com', 0, 'kljadsf', 'dsafds', NULL, 0, 1, 0, '2022-07-21 21:39:05'),
(47, 'youssef2022dasf', '$2y$10$q3GfYA2ty0FgqRsLY4pHLehwr.zY5xncxBToEVcGOJnTmpDrNvHf.', 'ddhf@gmail.com', 0, 'dlhfj', 'dfdkj', NULL, 0, 1, 0, '2022-07-21 21:43:34'),
(48, 'youssef20221234', '$2y$10$q3GfYA2ty0FgqRsLY4pHLehwr.zY5xncxBToEVcGOJnTmpDrNvHf.', '12@gmail.com', 0, '1234', '1234', NULL, 0, 1, 0, '2022-07-21 21:56:12'),
(49, 'youssef2022.an.dna', '$2y$10$q3GfYA2ty0FgqRsLY4pHLehwr.zY5xncxBToEVcGOJnTmpDrNvHf.', 'f@gmail.comk', 0, 'kljfdhkjdh', 'njhg', NULL, 0, 1, 0, '2022-07-21 21:58:32'),
(50, 'ayoub2021', '$2y$10$q3GfYA2ty0FgqRsLY4pHLehwr.zY5xncxBToEVcGOJnTmpDrNvHf.', 'ayoub@gmail.ma', 0, 'ayoub', 'bengha', NULL, 0, 0, 0, '2022-07-28 14:25:17'),
(51, 'ahmed2001', '$2y$10$q3GfYA2ty0FgqRsLY4pHLehwr.zY5xncxBToEVcGOJnTmpDrNvHf.', 'ahmed2001@gmail.com', 0, 'ahmed', 'mohamed', NULL, 0, 1, 0, '2022-07-28 14:38:23'),
(53, 'anwar2022', '$2y$10$q3GfYA2ty0FgqRsLY4pHLehwr.zY5xncxBToEVcGOJnTmpDrNvHf.', 'anwar@gmail.com', 0, 'anwar', 'filah', NULL, 0, 1, 0, '2022-08-01 20:51:28'),
(54, 'ljslak', '$2y$10$q3GfYA2ty0FgqRsLY4pHLehwr.zY5xncxBToEVcGOJnTmpDrNvHf.', 'lsakjlsk@gmail.com', 0, 'jkhdlj', 'lkasjlska', NULL, 0, 0, 0, '2022-08-09 21:25:42'),
(55, 'lkjhdfjd', '$2y$10$q3GfYA2ty0FgqRsLY4pHLehwr.zY5xncxBToEVcGOJnTmpDrNvHf.', 'liusds@gmail.com', 0, 'kjhaskdj', '.kjsdkj', NULL, 0, 0, 0, '2022-08-09 21:27:17'),
(56, ';klajs', '$2y$10$q3GfYA2ty0FgqRsLY4pHLehwr.zY5xncxBToEVcGOJnTmpDrNvHf.', 'jlskj@gmail.com', 0, 'lkjsds', 'poispod', NULL, 0, 0, 0, '2022-08-09 21:29:13'),
(57, 'ihmad2022', '$2y$10$q3GfYA2ty0FgqRsLY4pHLehwr.zY5xncxBToEVcGOJnTmpDrNvHf.', 'ssdkww@gmail.com', 0, 'ihmad', 'bnmbc', NULL, 0, 1, 0, '2022-08-09 21:38:37'),
(58, 'iiii2022', '$2y$10$q3GfYA2ty0FgqRsLY4pHLehwr.zY5xncxBToEVcGOJnTmpDrNvHf.', 'iiii@gmail.com', 0, 'iiii2022', ',adnf', NULL, 0, 0, 0, '2022-08-09 21:41:42'),
(59, 'youssefanis', '$2y$10$q3GfYA2ty0FgqRsLY4pHLehwr.zY5xncxBToEVcGOJnTmpDrNvHf.', 'hididi@gmail.com', 0, 'anis', 'bengha', NULL, 0, 1, 0, '2022-09-04 21:09:16');

-- --------------------------------------------------------

--
-- Table structure for table `views`
--

CREATE TABLE `views` (
  `userId` int(11) NOT NULL,
  `itemId` int(11) NOT NULL,
  `watchDate` datetime NOT NULL DEFAULT current_timestamp()
) ENGINE=InnoDB DEFAULT CHARSET=utf8;

--
-- Dumping data for table `views`
--

INSERT INTO `views` (`userId`, `itemId`, `watchDate`) VALUES
(40, 18, '2022-08-12 00:00:00'),
(40, 26, '2022-08-12 00:00:00'),
(1, 30, '2022-08-12 00:00:00'),
(1, 20, '2022-08-12 00:00:00'),
(1, 16, '2022-08-12 00:00:00'),
(39, 29, '2022-08-12 00:00:00'),
(39, 26, '2022-08-12 00:00:00'),
(40, 29, '2022-08-12 00:00:00'),
(40, 28, '2022-08-12 00:00:00'),
(40, 27, '2022-08-12 00:00:00'),
(40, 29, '2022-08-12 00:00:00'),
(40, 27, '2022-08-12 00:00:00'),
(40, 16, '2022-08-12 00:00:00'),
(40, 21, '2022-08-12 00:00:00'),
(40, 21, '2022-08-12 00:00:00'),
(40, 14, '2022-08-12 00:00:00'),
(40, 16, '2022-08-12 00:00:00'),
(40, 28, '2022-08-12 00:00:00'),
(40, 21, '2022-08-12 00:00:00'),
(40, 26, '2022-08-12 00:00:00'),
(40, 29, '2022-08-12 00:00:00'),
(40, 20, '2022-08-12 00:00:00'),
(40, 21, '2022-08-12 00:00:00'),
(40, 21, '2022-08-12 00:00:00'),
(40, 21, '2022-08-12 00:00:00'),
(40, 21, '2022-08-12 00:00:00'),
(40, 21, '2022-08-12 00:00:00'),
(40, 21, '2022-08-12 00:00:00'),
(40, 27, '2022-08-12 00:00:00'),
(40, 27, '2022-08-12 00:00:00'),
(40, 29, '2022-08-12 00:00:00'),
(40, 16, '2022-08-12 00:00:00'),
(40, 16, '2022-08-12 00:00:00'),
(40, 16, '2022-08-12 00:00:00'),
(40, 16, '2022-08-12 00:00:00'),
(40, 16, '2022-08-12 00:00:00'),
(40, 16, '2022-08-12 00:00:00'),
(40, 16, '2022-08-12 00:00:00'),
(40, 16, '2022-08-12 00:00:00'),
(40, 27, '2022-08-12 00:00:00'),
(40, 28, '2022-08-12 00:00:00'),
(40, 29, '2022-08-12 00:00:00'),
(40, 14, '2022-08-12 00:00:00'),
(40, 14, '2022-08-12 00:00:00'),
(40, 26, '2022-08-12 00:00:00'),
(40, 14, '2022-08-12 00:00:00'),
(40, 14, '2022-08-12 00:00:00'),
(40, 28, '2022-08-13 00:00:00'),
(40, 29, '2022-08-13 00:00:00'),
(40, 29, '2022-08-13 00:00:00'),
(40, 26, '2022-08-13 00:00:00'),
(40, 26, '2022-08-13 00:00:00'),
(57, 28, '2022-08-01 00:00:00'),
(53, 14, '2022-08-05 00:00:00'),
(57, 28, '2022-08-01 00:00:00'),
(53, 14, '2022-08-06 00:00:00'),
(39, 19, '2022-08-03 00:00:00'),
(1, 16, '2022-08-03 00:00:00'),
(39, 19, '2022-08-03 00:00:00'),
(1, 16, '2022-08-03 00:00:00'),
(39, 19, '2022-08-03 00:00:00'),
(1, 16, '2022-08-05 00:00:00'),
(39, 19, '2022-08-03 00:00:00'),
(1, 16, '2022-08-06 00:00:00'),
(39, 19, '2022-08-03 00:00:00'),
(1, 16, '2022-08-07 00:00:00'),
(39, 19, '2022-08-03 00:00:00'),
(1, 16, '2022-08-07 00:00:00'),
(39, 19, '2022-08-03 00:00:00'),
(1, 16, '2022-08-07 00:00:00'),
(39, 19, '2022-08-03 00:00:00'),
(1, 16, '2022-08-08 00:00:00'),
(39, 19, '2022-08-03 00:00:00'),
(1, 16, '2022-08-08 00:00:00'),
(39, 19, '2022-08-03 00:00:00'),
(1, 16, '2022-08-09 00:00:00'),
(39, 19, '2022-08-03 00:00:00'),
(1, 16, '2022-08-09 00:00:00'),
(39, 19, '2022-08-03 00:00:00'),
(1, 16, '2022-08-09 00:00:00'),
(39, 19, '2022-08-03 00:00:00'),
(1, 16, '2022-08-09 00:00:00'),
(39, 19, '2022-08-03 00:00:00'),
(1, 16, '2022-08-10 00:00:00'),
(39, 19, '2022-08-03 00:00:00'),
(1, 16, '2022-08-10 00:00:00'),
(39, 19, '2022-08-03 00:00:00'),
(1, 16, '2022-08-10 00:00:00'),
(39, 19, '2022-08-03 00:00:00'),
(1, 16, '2022-08-11 00:00:00'),
(39, 19, '2022-08-03 00:00:00'),
(1, 16, '2022-08-11 00:00:00'),
(40, 16, '2022-08-14 00:00:00'),
(40, 26, '2022-08-14 00:00:00'),
(40, 29, '2022-08-14 00:00:00'),
(40, 29, '2022-08-14 00:00:00'),
(40, 29, '2022-08-14 00:00:00'),
(40, 29, '2022-08-14 00:00:00'),
(40, 29, '2022-08-14 00:00:00'),
(40, 29, '2022-08-14 00:00:00'),
(40, 29, '2022-08-14 00:00:00'),
(40, 29, '2022-08-14 00:00:00'),
(40, 29, '2022-08-14 00:00:00'),
(40, 29, '2022-08-14 00:00:00'),
(40, 29, '2022-08-14 00:00:00'),
(40, 29, '2022-08-14 00:00:00'),
(40, 29, '2022-08-14 00:00:00'),
(40, 29, '2022-08-14 00:00:00'),
(40, 29, '2022-08-14 00:00:00'),
(40, 29, '2022-08-14 00:00:00'),
(40, 29, '2022-08-14 00:00:00'),
(40, 29, '2022-08-14 00:00:00'),
(40, 29, '2022-08-14 00:00:00'),
(40, 29, '2022-08-14 00:00:00'),
(40, 29, '2022-08-14 00:00:00'),
(40, 29, '2022-08-14 00:00:00'),
(40, 29, '2022-08-14 00:00:00'),
(40, 29, '2022-08-14 00:00:00'),
(40, 29, '2022-08-14 00:00:00'),
(40, 29, '2022-08-14 00:00:00'),
(40, 29, '2022-08-14 00:00:00'),
(40, 29, '2022-08-14 00:00:00'),
(40, 29, '2022-08-14 00:00:00'),
(40, 29, '2022-08-14 00:00:00'),
(40, 21, '2022-08-14 00:00:00'),
(40, 21, '2022-08-14 00:00:00'),
(40, 21, '2022-08-14 00:00:00'),
(40, 21, '2022-08-14 00:00:00'),
(40, 21, '2022-08-14 00:00:00'),
(40, 21, '2022-08-14 00:00:00'),
(40, 21, '2022-08-14 00:00:00'),
(40, 21, '2022-08-14 00:00:00'),
(40, 21, '2022-08-14 00:00:00'),
(40, 21, '2022-08-14 00:00:00'),
(53, 28, '2021-08-01 00:00:00'),
(46, 14, '2022-07-01 00:00:00'),
(40, 14, '2022-08-17 00:00:00'),
(40, 14, '2022-08-17 00:00:00'),
(40, 14, '2022-08-18 00:00:00'),
(40, 14, '2022-08-18 00:00:00'),
(40, 14, '2022-08-18 00:00:00'),
(40, 21, '2022-08-18 00:00:00'),
(40, 14, '2022-08-18 00:00:00'),
(40, 16, '2022-08-19 00:00:00'),
(40, 21, '2022-08-20 00:00:00'),
(40, 21, '2022-08-20 00:00:00'),
(40, 21, '2022-08-20 00:00:00'),
(40, 21, '2022-08-20 00:00:00'),
(40, 21, '2022-08-20 00:00:00'),
(40, 21, '2022-08-20 00:00:00'),
(40, 21, '2022-08-20 00:00:00'),
(40, 21, '2022-08-20 00:00:00'),
(40, 21, '2022-08-20 00:00:00'),
(40, 21, '2022-08-20 00:00:00'),
(40, 21, '2022-08-20 00:00:00'),
(40, 21, '2022-08-20 00:00:00'),
(40, 21, '2022-08-20 00:00:00'),
(40, 21, '2022-08-20 00:00:00'),
(40, 21, '2022-08-20 00:00:00'),
(40, 26, '2022-08-20 00:00:00'),
(40, 26, '2022-08-20 00:00:00'),
(40, 26, '2022-08-20 00:00:00'),
(40, 26, '2022-08-20 00:00:00'),
(40, 26, '2022-08-20 00:00:00'),
(40, 26, '2022-08-20 00:00:00'),
(40, 26, '2022-08-20 00:00:00'),
(40, 26, '2022-08-20 00:00:00'),
(40, 26, '2022-08-20 00:00:00'),
(40, 26, '2022-08-20 00:00:00'),
(40, 26, '2022-08-20 00:00:00'),
(40, 26, '2022-08-20 00:00:00'),
(40, 26, '2022-08-20 00:00:00'),
(40, 26, '2022-08-20 00:00:00'),
(40, 26, '2022-08-20 00:00:00'),
(40, 26, '2022-08-20 00:00:00'),
(40, 26, '2022-08-20 00:00:00'),
(40, 26, '2022-08-20 00:00:00'),
(40, 26, '2022-08-20 00:00:00'),
(40, 26, '2022-08-20 00:00:00'),
(40, 26, '2022-08-20 00:00:00'),
(40, 26, '2022-08-20 00:00:00'),
(40, 26, '2022-08-20 00:00:00'),
(40, 26, '2022-08-20 00:00:00'),
(40, 26, '2022-08-20 00:00:00'),
(40, 26, '2022-08-20 00:00:00'),
(40, 26, '2022-08-20 00:00:00'),
(40, 27, '2022-08-21 00:00:00'),
(40, 27, '2022-08-21 00:00:00'),
(40, 27, '2022-08-21 00:00:00'),
(1, 27, '2022-08-21 00:00:00'),
(1, 27, '2022-08-21 00:00:00'),
(1, 27, '2022-08-21 00:00:00'),
(40, 16, '2022-08-22 00:00:00'),
(40, 16, '2022-08-22 00:00:00'),
(40, 49, '2022-08-22 00:00:00'),
(40, 49, '2022-08-22 00:00:00'),
(40, 21, '2022-08-22 00:00:00'),
(40, 14, '2022-08-22 00:00:00'),
(40, 49, '2022-08-22 00:00:00'),
(40, 26, '2022-08-22 00:00:00'),
(40, 26, '2022-08-22 00:00:00'),
(40, 26, '2022-08-22 00:00:00'),
(40, 14, '2022-08-22 00:00:00'),
(40, 14, '2022-08-22 00:00:00'),
(40, 14, '2022-08-22 00:00:00'),
(40, 14, '2022-08-22 00:00:00'),
(40, 39, '2022-08-22 00:00:00'),
(40, 49, '2022-08-22 00:00:00'),
(40, 49, '2022-08-22 00:00:00'),
(40, 49, '2022-08-22 00:00:00'),
(40, 49, '2022-08-22 00:00:00'),
(40, 29, '2022-08-22 00:00:00'),
(40, 29, '2022-08-22 00:00:00'),
(40, 29, '2022-08-22 00:00:00'),
(40, 29, '2022-08-22 00:00:00'),
(40, 29, '2022-08-22 00:00:00'),
(40, 16, '2022-08-22 00:00:00'),
(40, 16, '2022-08-22 00:00:00'),
(40, 21, '2022-08-22 00:00:00'),
(40, 49, '2022-08-23 00:00:00'),
(40, 14, '2022-08-25 00:00:00'),
(40, 21, '2022-08-25 00:00:00'),
(40, 49, '2022-08-25 00:00:00'),
(40, 16, '2022-08-25 00:00:00'),
(40, 16, '2022-08-25 00:00:00'),
(40, 16, '2022-08-25 00:00:00'),
(40, 29, '2022-08-25 00:00:00'),
(40, 29, '2022-08-25 00:00:00'),
(40, 26, '2022-08-25 00:00:00'),
(40, 19, '2022-08-27 00:00:00'),
(40, 21, '2022-08-28 00:00:00'),
(40, 16, '2022-08-28 00:00:00'),
(40, 16, '2022-08-28 00:00:00'),
(40, 49, '2022-08-28 00:00:00'),
(40, 49, '2022-08-28 00:00:00'),
(40, 49, '2022-08-28 00:00:00'),
(40, 14, '2022-08-28 00:00:00'),
(40, 14, '2022-08-28 00:00:00'),
(40, 14, '2022-08-28 00:00:00'),
(40, 14, '2022-08-28 00:00:00'),
(40, 14, '2022-08-28 00:00:00'),
(40, 14, '2022-08-28 00:00:00'),
(40, 16, '2022-08-28 00:00:00'),
(40, 16, '2022-08-28 00:00:00'),
(40, 16, '2022-08-28 00:00:00'),
(40, 21, '2022-08-28 00:00:00'),
(40, 14, '2022-08-28 00:00:00'),
(40, 16, '2022-08-28 00:00:00'),
(1, 14, '2022-08-28 00:00:00'),
(40, 16, '2022-08-28 00:00:00'),
(40, 16, '2022-08-28 00:00:00'),
(40, 14, '2022-08-28 00:00:00'),
(40, 49, '2022-08-28 00:00:00'),
(40, 49, '2022-08-28 00:00:00'),
(40, 49, '2022-08-28 00:00:00'),
(40, 14, '2022-08-29 00:00:00'),
(40, 21, '2022-08-29 00:00:00'),
(40, 14, '2022-09-01 00:00:00'),
(40, 14, '2022-09-01 00:00:00'),
(40, 14, '2022-09-01 00:00:00'),
(40, 21, '2022-09-01 00:00:00'),
(40, 21, '2022-09-01 00:00:00'),
(40, 14, '2022-09-01 00:00:00'),
(40, 21, '2022-09-01 00:00:00'),
(40, 21, '2022-09-01 00:00:00'),
(40, 21, '2022-09-01 00:00:00'),
(40, 21, '2022-09-01 00:00:00'),
(40, 16, '2022-09-02 00:00:00'),
(40, 49, '2022-09-02 00:00:00'),
(40, 49, '2022-09-02 00:00:00'),
(40, 49, '2022-09-02 00:00:00'),
(40, 49, '2022-09-02 00:00:00'),
(40, 49, '2022-09-02 00:00:00'),
(40, 21, '2022-09-02 00:00:00'),
(40, 21, '2022-09-02 00:00:00'),
(40, 21, '2022-09-02 00:00:00'),
(40, 21, '2022-09-02 00:00:00'),
(40, 21, '2022-09-02 00:00:00'),
(40, 21, '2022-09-02 00:00:00'),
(40, 21, '2022-09-02 00:00:00'),
(40, 21, '2022-09-02 00:00:00'),
(40, 21, '2022-09-02 00:00:00'),
(40, 21, '2022-09-02 00:00:00'),
(40, 21, '2022-09-02 00:00:00'),
(40, 21, '2022-09-02 00:00:00'),
(40, 49, '2022-09-02 00:00:00'),
(40, 49, '2022-09-02 00:00:00'),
(40, 49, '2022-09-02 00:00:00'),
(40, 49, '2022-09-02 00:00:00'),
(40, 49, '2022-09-02 00:00:00'),
(40, 27, '2022-09-02 00:00:00'),
(40, 27, '2022-09-02 00:00:00'),
(40, 20, '2022-09-02 00:00:00'),
(40, 20, '2022-09-02 00:00:00'),
(40, 49, '2022-09-02 00:00:00'),
(40, 19, '2022-09-02 00:00:00'),
(40, 19, '2022-09-02 00:00:00'),
(40, 16, '2022-09-02 00:00:00'),
(40, 16, '2022-09-02 00:00:00'),
(40, 16, '2022-09-02 00:00:00'),
(40, 16, '2022-09-02 00:00:00'),
(40, 16, '2022-09-02 00:00:00'),
(40, 16, '2022-09-02 00:00:00'),
(40, 16, '2022-09-02 00:00:00'),
(40, 16, '2022-09-02 00:00:00'),
(40, 16, '2022-09-02 00:00:00'),
(40, 16, '2022-09-02 00:00:00'),
(40, 14, '2022-09-02 00:00:00'),
(40, 14, '2022-09-02 00:00:00'),
(40, 14, '2022-09-02 00:00:00'),
(1, 14, '2022-09-02 00:00:00'),
(1, 14, '2022-09-02 00:00:00'),
(1, 14, '2022-09-02 00:00:00'),
(36, 26, '2022-09-02 00:00:00'),
(41, 19, '2022-09-02 00:00:00'),
(41, 51, '2022-09-02 00:00:00'),
(41, 43, '2022-09-02 00:00:00'),
(41, 48, '2022-09-02 00:00:00'),
(41, 48, '2022-09-02 00:00:00'),
(41, 43, '2022-09-02 00:00:00'),
(41, 43, '2022-09-02 00:00:00'),
(41, 45, '2022-09-02 00:00:00'),
(41, 45, '2022-09-02 00:00:00'),
(41, 18, '2022-09-02 00:00:00'),
(41, 18, '2022-09-02 00:00:00'),
(41, 18, '2022-09-02 00:00:00'),
(41, 46, '2022-09-02 00:00:00'),
(41, 46, '2022-09-02 00:00:00'),
(41, 14, '2022-09-02 00:00:00'),
(41, 14, '2022-09-02 00:00:00'),
(41, 19, '2022-09-02 00:00:00'),
(41, 19, '2022-09-02 00:00:00'),
(41, 46, '2022-09-02 00:00:00'),
(41, 19, '2022-09-02 00:00:00'),
(41, 16, '2022-09-02 00:00:00'),
(41, 16, '2022-09-02 00:00:00'),
(41, 48, '2022-09-02 00:00:00'),
(41, 45, '2022-09-02 00:00:00'),
(41, 45, '2022-09-02 00:00:00'),
(40, 21, '2022-09-03 00:00:00'),
(40, 16, '2022-09-03 00:00:00'),
(40, 16, '2022-09-03 00:00:00'),
(40, 16, '2022-09-03 00:00:00'),
(40, 16, '2022-09-03 00:00:00'),
(40, 29, '2022-09-03 00:00:00'),
(40, 29, '2022-09-03 00:00:00'),
(40, 16, '2022-09-03 00:00:00'),
(40, 16, '2022-09-03 00:00:00'),
(40, 29, '2022-09-03 00:00:00'),
(40, 29, '2022-09-03 00:00:00'),
(40, 51, '2022-09-03 00:00:00'),
(40, 14, '2022-09-03 00:00:00'),
(40, 14, '2022-09-03 00:00:00'),
(40, 49, '2022-09-03 00:00:00'),
(40, 49, '2022-09-03 00:00:00'),
(40, 51, '2022-09-03 00:00:00'),
(40, 51, '2022-09-03 00:00:00'),
(40, 49, '2022-09-03 00:00:00'),
(40, 49, '2022-09-03 00:00:00'),
(40, 49, '2022-09-03 00:00:00'),
(40, 49, '2022-09-03 00:00:00'),
(40, 49, '2022-09-03 00:00:00'),
(40, 14, '2022-09-03 00:00:00'),
(40, 14, '2022-09-03 00:00:00'),
(40, 14, '2022-09-03 00:00:00'),
(40, 14, '2022-09-03 00:00:00'),
(40, 14, '2022-09-03 00:00:00'),
(40, 14, '2022-09-03 00:00:00'),
(40, 14, '2022-09-03 00:00:00'),
(40, 14, '2022-09-03 00:00:00'),
(40, 14, '2022-09-03 00:00:00'),
(40, 14, '2022-09-03 00:00:00'),
(40, 14, '2022-09-03 00:00:00'),
(40, 14, '2022-09-03 00:00:00'),
(40, 49, '2022-09-04 00:00:00'),
(40, 49, '2022-09-04 00:00:00'),
(40, 49, '2022-09-04 00:00:00'),
(40, 49, '2022-09-04 00:00:00'),
(40, 49, '2022-09-04 00:00:00'),
(40, 16, '2022-09-04 00:00:00'),
(40, 16, '2022-09-04 00:00:00'),
(1, 21, '2022-09-04 00:00:00'),
(1, 21, '2022-09-04 00:00:00'),
(1, 49, '2022-09-04 00:00:00'),
(1, 49, '2022-09-04 00:00:00'),
(1, 39, '2022-09-04 00:00:00'),
(1, 39, '2022-09-04 00:00:00'),
(1, 46, '2022-09-04 00:00:00'),
(1, 46, '2022-09-04 00:00:00'),
(1, 18, '2022-09-04 00:00:00'),
(1, 18, '2022-09-04 00:00:00'),
(1, 14, '2022-09-04 00:00:00'),
(1, 14, '2022-09-04 00:00:00'),
(1, 14, '2022-09-04 00:00:00'),
(1, 16, '2022-09-04 00:00:00'),
(1, 16, '2022-09-04 00:00:00'),
(1, 19, '2022-09-04 00:00:00'),
(1, 20, '2022-09-04 00:00:00'),
(1, 20, '2022-09-04 00:00:00'),
(1, 20, '2022-09-04 00:00:00'),
(40, 14, '2022-09-04 00:00:00'),
(40, 14, '2022-09-04 00:00:00'),
(40, 14, '2022-09-04 00:00:00'),
(40, 14, '2022-09-04 00:00:00'),
(40, 14, '2022-09-04 00:00:00'),
(40, 14, '2022-09-04 00:00:00'),
(40, 26, '2022-09-04 00:00:00'),
(40, 26, '2022-09-04 00:00:00'),
(59, 51, '2022-09-04 00:00:00'),
(59, 45, '2022-09-04 00:00:00'),
(59, 45, '2022-09-04 00:00:00'),
(59, 45, '2022-09-04 00:00:00'),
(59, 45, '2022-09-04 00:00:00'),
(40, 39, '2022-09-05 00:00:00'),
(40, 39, '2022-09-05 00:00:00'),
(40, 39, '2022-09-05 00:00:00'),
(40, 39, '2022-09-05 00:00:00'),
(40, 39, '2022-09-05 00:00:00'),
(40, 21, '2022-09-05 00:00:00'),
(40, 21, '2022-09-05 00:00:00'),
(40, 21, '2022-09-05 00:00:00'),
(40, 49, '2022-09-05 00:00:00'),
(40, 14, '2022-09-05 00:00:00'),
(40, 21, '2022-09-07 00:00:00'),
(40, 16, '2022-09-07 00:00:00'),
(40, 16, '2022-09-07 00:00:00'),
(40, 21, '2022-09-07 00:00:00'),
(40, 21, '2022-09-07 00:00:00'),
(40, 14, '2022-09-07 00:00:00'),
(40, 14, '2022-09-07 00:00:00'),
(40, 14, '2022-09-07 00:00:00'),
(40, 27, '2022-09-07 00:00:00'),
(40, 27, '2022-09-07 00:00:00'),
(40, 27, '2022-09-07 00:00:00'),
(40, 21, '2022-09-07 00:00:00'),
(40, 21, '2022-09-07 00:00:00'),
(40, 21, '2022-09-07 00:00:00'),
(40, 21, '2022-09-07 00:00:00'),
(40, 21, '2022-09-07 00:00:00'),
(40, 21, '2022-09-07 00:00:00'),
(40, 21, '2022-09-07 00:00:00'),
(40, 14, '2022-09-07 00:00:00'),
(40, 14, '2022-09-07 00:00:00'),
(40, 14, '2022-09-07 00:00:00'),
(40, 14, '2022-09-07 00:00:00'),
(40, 21, '2022-09-07 00:00:00'),
(40, 21, '2022-09-07 00:00:00'),
(40, 21, '2022-09-07 00:00:00'),
(40, 21, '2022-09-07 00:00:00'),
(40, 21, '2022-09-07 00:00:00'),
(40, 16, '2022-09-07 00:00:00'),
(40, 16, '2022-09-07 00:00:00'),
(41, 21, '2022-09-10 00:00:00'),
(40, 16, '2022-09-11 00:00:00'),
(1, 21, '2022-09-11 00:00:00'),
(1, 43, '2022-09-11 00:00:00'),
(1, 43, '2022-09-11 00:00:00'),
(1, 45, '2022-09-11 00:00:00'),
(1, 45, '2022-09-11 00:00:00'),
(36, 43, '2022-09-16 00:00:00'),
(36, 48, '2022-09-16 00:00:00'),
(36, 48, '2022-09-16 00:00:00'),
(36, 48, '2022-09-16 00:00:00'),
(40, 14, '2022-09-16 00:00:00'),
(40, 14, '2022-09-16 00:00:00'),
(40, 14, '2022-09-16 00:00:00'),
(40, 14, '2022-09-16 00:00:00'),
(40, 14, '2022-09-16 00:00:00'),
(40, 14, '2022-09-16 00:00:00'),
(40, 14, '2022-09-16 00:00:00'),
(40, 14, '2022-09-16 00:00:00'),
(40, 14, '2022-09-16 00:00:00'),
(40, 14, '2022-09-16 00:00:00'),
(40, 14, '2022-09-16 00:00:00'),
(40, 14, '2022-09-16 00:00:00'),
(40, 14, '2022-09-16 00:00:00'),
(40, 14, '2022-09-16 00:00:00'),
(40, 14, '2022-09-16 00:00:00'),
(40, 14, '2022-09-16 00:00:00'),
(40, 14, '2022-09-16 00:00:00'),
(40, 14, '2022-09-16 00:00:00'),
(40, 14, '2022-09-16 00:00:00'),
(40, 14, '2022-09-16 00:00:00'),
(40, 14, '2022-09-16 00:00:00'),
(40, 14, '2022-09-16 00:00:00'),
(40, 14, '2022-09-16 00:00:00'),
(40, 14, '2022-09-16 00:00:00'),
(40, 14, '2022-09-16 00:00:00'),
(40, 14, '2022-09-16 00:00:00'),
(40, 14, '2022-09-16 00:00:00'),
(40, 14, '2022-09-16 00:00:00'),
(40, 14, '2022-09-16 00:00:00'),
(40, 14, '2022-09-16 00:00:00'),
(40, 14, '2022-09-16 00:00:00'),
(40, 16, '2022-09-17 00:00:00'),
(40, 16, '2022-09-17 00:00:00'),
(40, 16, '2022-09-17 00:00:00'),
(40, 16, '2022-09-17 00:00:00'),
(40, 16, '2022-09-17 00:00:00'),
(40, 16, '2022-09-17 00:00:00'),
(40, 16, '2022-09-17 00:00:00'),
(40, 16, '2022-09-17 00:00:00'),
(40, 16, '2022-09-17 00:00:00'),
(40, 16, '2022-09-17 00:00:00'),
(40, 16, '2022-09-18 00:00:00'),
(40, 16, '2022-09-18 00:00:00'),
(40, 51, '2022-09-18 00:00:00'),
(40, 51, '2022-09-18 00:00:00'),
(40, 49, '2022-09-18 00:00:00'),
(40, 21, '2022-09-18 00:00:00'),
(40, 14, '2022-09-18 00:00:00'),
(40, 14, '2022-09-18 00:00:00'),
(40, 14, '2022-09-18 00:00:00'),
(40, 14, '2022-09-18 00:00:00'),
(1, 14, '2022-09-28 00:00:00'),
(1, 14, '2022-09-28 00:00:00'),
(1, 14, '2022-09-28 00:00:00'),
(1, 14, '2022-09-28 00:00:00'),
(40, 51, '2022-09-30 00:00:00'),
(40, 14, '2022-09-30 00:00:00'),
(40, 14, '2022-09-30 00:00:00'),
(40, 14, '2022-09-30 00:00:00'),
(40, 14, '2022-09-30 00:00:00'),
(40, 14, '2022-09-30 00:00:00'),
(40, 14, '2022-09-30 00:00:00'),
(40, 14, '2022-09-30 00:00:00'),
(40, 14, '2022-09-30 00:00:00'),
(40, 16, '2022-09-30 00:00:00'),
(40, 16, '2022-09-30 00:00:00'),
(40, 16, '2022-09-30 00:00:00'),
(1, 16, '2022-09-30 00:00:00'),
(40, 16, '2022-09-30 00:00:00'),
(40, 19, '2022-10-01 00:00:00'),
(40, 19, '2022-10-01 00:00:00'),
(40, 19, '2022-10-01 00:00:00'),
(40, 19, '2022-10-01 00:00:00'),
(40, 14, '2022-11-05 12:46:55'),
(40, 14, '2022-11-05 12:47:16'),
(40, 14, '2022-11-05 12:48:12'),
(40, 51, '2022-11-05 12:55:35'),
(40, 51, '2022-11-05 12:56:03'),
(40, 51, '2022-11-05 12:59:27'),
(40, 26, '2022-11-05 12:59:37'),
(40, 16, '2022-11-06 02:00:46'),
(1, 16, '2022-11-06 09:52:01'),
(1, 45, '2022-11-06 09:53:05'),
(1, 39, '2022-11-06 09:55:37'),
(1, 39, '2022-11-06 09:55:40'),
(1, 39, '2022-11-06 09:55:41'),
(40, 21, '2022-11-14 12:13:03'),
(40, 49, '2023-02-28 05:50:53');

--
-- Indexes for dumped tables
--

--
-- Indexes for table `cart`
--
ALTER TABLE `cart`
  ADD PRIMARY KEY (`cartId`),
  ADD KEY `cart_ibfk_2` (`itemId`),
  ADD KEY `odId` (`odId`),
  ADD KEY `cart_ibfk_1` (`userId`);

--
-- Indexes for table `categories`
--
ALTER TABLE `categories`
  ADD PRIMARY KEY (`catId`),
  ADD UNIQUE KEY `catName` (`catName`);

--
-- Indexes for table `comments`
--
ALTER TABLE `comments`
  ADD PRIMARY KEY (`commentId`),
  ADD UNIQUE KEY `userId` (`userId`,`itemId`),
  ADD KEY `comments_ibfk_2` (`itemId`);

--
-- Indexes for table `discounts`
--
ALTER TABLE `discounts`
  ADD PRIMARY KEY (`discountId`),
  ADD KEY `discounts_ibfk_1` (`userId`);

--
-- Indexes for table `items`
--
ALTER TABLE `items`
  ADD PRIMARY KEY (`itemId`),
  ADD KEY `userId` (`userId`),
  ADD KEY `catId` (`catId`),
  ADD KEY `discountId` (`discountId`);

--
-- Indexes for table `notifications`
--
ALTER TABLE `notifications`
  ADD PRIMARY KEY (`notId`),
  ADD KEY `userId` (`userId`);

--
-- Indexes for table `orderdetails`
--
ALTER TABLE `orderdetails`
  ADD PRIMARY KEY (`odId`);

--
-- Indexes for table `rating`
--
ALTER TABLE `rating`
  ADD PRIMARY KEY (`userId`,`itemId`),
  ADD KEY `itemId` (`itemId`);

--
-- Indexes for table `users`
--
ALTER TABLE `users`
  ADD PRIMARY KEY (`userId`),
  ADD UNIQUE KEY `username` (`username`),
  ADD UNIQUE KEY `email` (`email`);

--
-- Indexes for table `views`
--
ALTER TABLE `views`
  ADD KEY `views_ibfk_1` (`userId`),
  ADD KEY `views_ibfk_2` (`itemId`);

--
-- AUTO_INCREMENT for dumped tables
--

--
-- AUTO_INCREMENT for table `cart`
--
ALTER TABLE `cart`
  MODIFY `cartId` int(11) NOT NULL AUTO_INCREMENT, AUTO_INCREMENT=51;

--
-- AUTO_INCREMENT for table `categories`
--
ALTER TABLE `categories`
  MODIFY `catId` int(11) NOT NULL AUTO_INCREMENT, AUTO_INCREMENT=25;

--
-- AUTO_INCREMENT for table `comments`
--
ALTER TABLE `comments`
  MODIFY `commentId` int(11) NOT NULL AUTO_INCREMENT, AUTO_INCREMENT=41;

--
-- AUTO_INCREMENT for table `discounts`
--
ALTER TABLE `discounts`
  MODIFY `discountId` int(11) NOT NULL AUTO_INCREMENT, AUTO_INCREMENT=50;

--
-- AUTO_INCREMENT for table `items`
--
ALTER TABLE `items`
  MODIFY `itemId` int(11) NOT NULL AUTO_INCREMENT, AUTO_INCREMENT=52;

--
-- AUTO_INCREMENT for table `notifications`
--
ALTER TABLE `notifications`
  MODIFY `notId` int(11) NOT NULL AUTO_INCREMENT, AUTO_INCREMENT=169;

--
-- AUTO_INCREMENT for table `orderdetails`
--
ALTER TABLE `orderdetails`
  MODIFY `odId` int(11) NOT NULL AUTO_INCREMENT, AUTO_INCREMENT=20;

--
-- AUTO_INCREMENT for table `users`
--
ALTER TABLE `users`
  MODIFY `userId` int(11) NOT NULL AUTO_INCREMENT, AUTO_INCREMENT=60;

--
-- Constraints for dumped tables
--

--
-- Constraints for table `cart`
--
ALTER TABLE `cart`
  ADD CONSTRAINT `cart_ibfk_1` FOREIGN KEY (`userId`) REFERENCES `users` (`userId`) ON DELETE CASCADE ON UPDATE CASCADE,
  ADD CONSTRAINT `cart_ibfk_2` FOREIGN KEY (`itemId`) REFERENCES `items` (`itemId`) ON DELETE CASCADE ON UPDATE CASCADE,
  ADD CONSTRAINT `cart_ibfk_3` FOREIGN KEY (`odId`) REFERENCES `orderdetails` (`odId`) ON DELETE SET NULL ON UPDATE CASCADE;

--
-- Constraints for table `comments`
--
ALTER TABLE `comments`
  ADD CONSTRAINT `comments_ibfk_1` FOREIGN KEY (`userId`) REFERENCES `users` (`userId`) ON DELETE CASCADE ON UPDATE CASCADE,
  ADD CONSTRAINT `comments_ibfk_2` FOREIGN KEY (`itemId`) REFERENCES `items` (`itemId`) ON DELETE CASCADE ON UPDATE CASCADE;

--
-- Constraints for table `discounts`
--
ALTER TABLE `discounts`
  ADD CONSTRAINT `discounts_ibfk_1` FOREIGN KEY (`userId`) REFERENCES `users` (`userId`) ON DELETE CASCADE ON UPDATE CASCADE;

--
-- Constraints for table `items`
--
ALTER TABLE `items`
  ADD CONSTRAINT `items_ibfk_1` FOREIGN KEY (`userId`) REFERENCES `users` (`userId`) ON DELETE CASCADE ON UPDATE CASCADE,
  ADD CONSTRAINT `items_ibfk_2` FOREIGN KEY (`catId`) REFERENCES `categories` (`catId`) ON DELETE CASCADE ON UPDATE CASCADE,
  ADD CONSTRAINT `items_ibfk_3` FOREIGN KEY (`discountId`) REFERENCES `discounts` (`discountId`) ON DELETE SET NULL ON UPDATE CASCADE;

--
-- Constraints for table `notifications`
--
ALTER TABLE `notifications`
  ADD CONSTRAINT `notifications_ibfk_1` FOREIGN KEY (`userId`) REFERENCES `users` (`userId`) ON DELETE CASCADE ON UPDATE CASCADE;

--
-- Constraints for table `rating`
--
ALTER TABLE `rating`
  ADD CONSTRAINT `rating_ibfk_1` FOREIGN KEY (`userId`) REFERENCES `users` (`userId`) ON DELETE CASCADE ON UPDATE CASCADE,
  ADD CONSTRAINT `rating_ibfk_2` FOREIGN KEY (`itemId`) REFERENCES `items` (`itemId`) ON DELETE CASCADE ON UPDATE CASCADE;

--
-- Constraints for table `views`
--
ALTER TABLE `views`
  ADD CONSTRAINT `views_ibfk_1` FOREIGN KEY (`userId`) REFERENCES `users` (`userId`) ON DELETE CASCADE ON UPDATE CASCADE,
  ADD CONSTRAINT `views_ibfk_2` FOREIGN KEY (`itemId`) REFERENCES `items` (`itemId`) ON DELETE CASCADE ON UPDATE CASCADE;
COMMIT;

/*!40101 SET CHARACTER_SET_CLIENT=@OLD_CHARACTER_SET_CLIENT */;
/*!40101 SET CHARACTER_SET_RESULTS=@OLD_CHARACTER_SET_RESULTS */;
/*!40101 SET COLLATION_CONNECTION=@OLD_COLLATION_CONNECTION */;
